{
  "config": "arch_b",
  "arch": {
    "stem_ch": 16,
    "stem_stride": 2,
    "block_cfg": [
      [
        16,
        1
      ],
      [
        32,
        2
      ],
      [
        32,
        1
      ],
      [
        32,
        2
      ],
      [
        32,
        1
      ]
    ]
  },
  "macc": 286240,
  "params": 5976,
  "float_size_kb": 25.6796875,
  "float": {
    "acc": 0.9497728211482859,
    "loss": 0.16490553096647406,
    "infer_ms": 1.2084854999920935
  },
  "int8": {
    "acc": 0.9494423791821561,
    "loss": 0.16941183347962632,
    "infer_ms": 1.334914499984734,
    "size_kb": 6.3046875
  }
}