{
  "config": "arch_c",
  "arch": {
    "stem_ch": 8,
    "stem_stride": 1,
    "block_cfg": [
      [
        16,
        2
      ],
      [
        16,
        1
      ],
      [
        24,
        2
      ],
      [
        24,
        1
      ],
      [
        32,
        2
      ]
    ]
  },
  "macc": 288712,
  "params": 3656,
  "float_size_kb": 15.9921875,
  "float": {
    "acc": 0.9401073936389922,
    "loss": 0.1810330622464004,
    "infer_ms": 1.5323959999841463
  },
  "int8": {
    "acc": 0.9400247831474597,
    "loss": 0.18008942325463925,
    "infer_ms": 1.6199984999911976,
    "size_kb": 3.8828125
  }
}