{
  "model": "arch_b",
  "float": {
    "accuracy": 0.9497728211482859,
    "f1_macro": 0.8899441080087098,
    "f1_weighted": 0.9488787070584773,
    "precision_macro": 0.9204903458786886,
    "recall_macro": 0.864335486753995,
    "per_class": {
      "go": {
        "precision": 0.7572115384615384,
        "recall": 0.7835820895522388,
        "f1-score": 0.7701711491442543,
        "support": 402.0
      },
      "stop": {
        "precision": 0.9739583333333334,
        "recall": 0.9099756690997567,
        "f1-score": 0.9408805031446541,
        "support": 411.0
      },
      "left": {
        "precision": 0.8979591836734694,
        "recall": 0.8543689320388349,
        "f1-score": 0.8756218905472637,
        "support": 412.0
      },
      "right": {
        "precision": 0.9222520107238605,
        "recall": 0.8686868686868687,
        "f1-score": 0.8946684005201561,
        "support": 396.0
      },
      "up": {
        "precision": 0.9289772727272727,
        "recall": 0.7694117647058824,
        "f1-score": 0.8416988416988417,
        "support": 425.0
      },
      "down": {
        "precision": 0.926829268292683,
        "recall": 0.7487684729064039,
        "f1-score": 0.8283378746594006,
        "support": 406.0
      },
      "unknown": {
        "precision": 0.9567351598173516,
        "recall": 0.9798900970419736,
        "f1-score": 0.9681742043551089,
        "support": 8553.0
      },
      "silence": {
        "precision": 1.0,
        "recall": 1.0,
        "f1-score": 1.0,
        "support": 1100.0
      },
      "accuracy": 0.9497728211482859,
      "macro avg": {
        "precision": 0.9204903458786886,
        "recall": 0.864335486753995,
        "f1-score": 0.8899441080087098,
        "support": 12105.0
      },
      "weighted avg": {
        "precision": 0.9495192679996187,
        "recall": 0.9497728211482859,
        "f1-score": 0.9488787070584773,
        "support": 12105.0
      }
    },
    "confusion_matrix": [
      [
        315,
        0,
        2,
        0,
        1,
        1,
        83,
        0
      ],
      [
        3,
        374,
        0,
        0,
        8,
        1,
        25,
        0
      ],
      [
        0,
        0,
        352,
        4,
        1,
        0,
        55,
        0
      ],
      [
        0,
        0,
        3,
        344,
        0,
        0,
        49,
        0
      ],
      [
        4,
        2,
        3,
        0,
        327,
        0,
        89,
        0
      ],
      [
        23,
        1,
        0,
        0,
        0,
        304,
        78,
        0
      ],
      [
        71,
        7,
        32,
        25,
        15,
        22,
        8381,
        0
      ],
      [
        0,
        0,
        0,
        0,
        0,
        0,
        0,
        1100
      ]
    ]
  },
  "int8": {
    "accuracy": 0.9488641057414292,
    "f1_macro": 0.8867039152546283,
    "f1_weighted": 0.9478139538422239,
    "precision_macro": 0.9187543307861974,
    "recall_macro": 0.8595957365784508,
    "per_class": {
      "go": {
        "precision": 0.755,
        "recall": 0.7512437810945274,
        "f1-score": 0.7531172069825436,
        "support": 402.0
      },
      "stop": {
        "precision": 0.9691516709511568,
        "recall": 0.9172749391727494,
        "f1-score": 0.9425,
        "support": 411.0
      },
      "left": {
        "precision": 0.8875,
        "recall": 0.8616504854368932,
        "f1-score": 0.874384236453202,
        "support": 412.0
      },
      "right": {
        "precision": 0.9362880886426593,
        "recall": 0.8535353535353535,
        "f1-score": 0.892998678996037,
        "support": 396.0
      },
      "up": {
        "precision": 0.9325842696629213,
        "recall": 0.7811764705882352,
        "f1-score": 0.8501920614596671,
        "support": 425.0
      },
      "down": {
        "precision": 0.9138461538461539,
        "recall": 0.7315270935960592,
        "f1-score": 0.8125854993160054,
        "support": 406.0
      },
      "unknown": {
        "precision": 0.955664463186688,
        "recall": 0.9803577692037881,
        "f1-score": 0.9678536388295723,
        "support": 8553.0
      },
      "silence": {
        "precision": 1.0,
        "recall": 1.0,
        "f1-score": 1.0,
        "support": 1100.0
      },
      "accuracy": 0.9488641057414292,
      "macro avg": {
        "precision": 0.9187543307861974,
        "recall": 0.8595957365784508,
        "f1-score": 0.8867039152546283,
        "support": 12105.0
      },
      "weighted avg": {
        "precision": 0.9483204813356001,
        "recall": 0.9488641057414292,
        "f1-score": 0.9478139538422239,
        "support": 12105.0
      }
    },
    "confusion_matrix": [
      [
        302,
        0,
        2,
        0,
        1,
        5,
        92,
        0
      ],
      [
        2,
        377,
        0,
        0,
        8,
        1,
        23,
        0
      ],
      [
        0,
        0,
        355,
        4,
        1,
        0,
        52,
        0
      ],
      [
        0,
        0,
        5,
        338,
        0,
        0,
        53,
        0
      ],
      [
        4,
        2,
        3,
        0,
        332,
        0,
        84,
        0
      ],
      [
        23,
        1,
        0,
        0,
        0,
        297,
        85,
        0
      ],
      [
        69,
        9,
        35,
        19,
        14,
        22,
        8385,
        0
      ],
      [
        0,
        0,
        0,
        0,
        0,
        0,
        0,
        1100
      ]
    ]
  }
}