{
  "config": "arch_a",
  "arch": {
    "stem_ch": 4,
    "stem_stride": 1,
    "block_cfg": [
      [
        8,
        1
      ],
      [
        8,
        2
      ],
      [
        16,
        1
      ],
      [
        16,
        2
      ],
      [
        32,
        1
      ],
      [
        32,
        2
      ],
      [
        32,
        1
      ],
      [
        32,
        1
      ]
    ]
  },
  "macc": 287552,
  "params": 6352,
  "float_size_kb": 27.5078125,
  "train": {
    "best_val_acc": 0.9508151926404955,
    "best_val_loss": 0.16200490394123754,
    "best_epoch": 33,
    "epochs_ran": 33,
    "early_stopped": true
  },
  "float": {
    "acc": 0.9318463444857497,
    "loss": 0.20989476581747615,
    "infer_ms": 3.5327480000159994
  },
  "int8": {
    "acc": 0.9280462618752582,
    "loss": 0.23102835952773004,
    "infer_ms": 5.98347899998771,
    "size_kb": 6.8203125
  }
}